sub,trial,condition,fixOnsetTime,jitter1,jitter2,jitter3,fixAccuracy,memOnsetTime,eventNum,eventTitle,memRTtime,memRT,cftOnsetTime,endCFT,ratingsOrder,plausibilityOnsetTime,plausibilityResponse,plausibilityRT,controlOnsetTime,controlResponse,controlRT,difficultyOnsetTime,difficultyResponse,difficultyRT,trialEnd
99,1,67,111.000000,110.000000,116.000000,101.000000,120.000000,116.000000,1.089029e+00,1.500000e+00,3.000000,1.500000,1.000000,7.287315,A,116.000000,itle65,8.175166,0.887851,8.303688e+00,9.319989,91.000000,3 1 2],11.386178,50.000000
5.955972e+06,1.291908e+01,51,5955972.392497,9.853271,49.000000,5955972.759197,13.935395,
99,2,83,101.000000,108.000000,102.000000,16.917714,0.750000,4.500000,1.500000e+00,,23.949308,66.000000,116.000000,105.000000,tle66,24.891653,9.423452e-01,24.982329,25.998655,[3 2 1],29.597727,51.000000,5.955972e+06,28.064821,50.000000
5.955972e+06,2.653191e+01,49,5955972.575891,30.614057,
99,3,67,111.000000,110.000000,116.000000,101.000000,120.000000,116.000000,3.396309e+01,1.500000e+00,3.000000,1.500000,0.500000,40.128123,C,116.000000,itle67,,,4.114447e+01,42.160803,91.000000,1 2 3],42.694046,49.000000
5.955973e+06,4.422696e+01,50,5955972.409269,45.759874,51.000000,5955972.042701,46.776044,